{
  "random_forest": {
    "accuracy": 0.9772727272727273,
    "precision": 0.95,
    "recall": 1.0,
    "f1_score": 0.9743589743589743,
    "auc_roc": 1.0,
    "confusion_matrix": [
      [
        24,
        1
      ],
      [
        0,
        19
      ]
    ],
    "train_size": 132,
    "test_size": 44
  },
  "logistic_regression": {
    "accuracy": 0.9772727272727273
  },
  "feature_importance": {
    "path_length": 0.1737531210938416,
    "is_https": 0.16461005429410006,
    "num_slashes": 0.14840614386049672,
    "url_length": 0.14592223304972082,
    "num_subdomains": 0.11539563119284495,
    "num_hyphens": 0.09678404886899715,
    "has_suspicious_tld": 0.0667792291570438,
    "domain_length": 0.03454941053887331,
    "num_dots": 0.03310526858459363,
    "num_suspicious_keywords": 0.015784360103011374,
    "url_entropy": 0.004255223034164111,
    "num_digits": 0.0004963631013103157,
    "digit_ratio": 0.00015891312100218142,
    "num_underscores": 0.0,
    "num_question_marks": 0.0,
    "num_ampersands": 0.0,
    "num_equals": 0.0,
    "num_at_symbols": 0.0,
    "has_ip_address": 0.0,
    "num_special_chars": 0.0
  },
  "feature_names": [
    "url_length",
    "num_dots",
    "num_hyphens",
    "num_underscores",
    "num_slashes",
    "num_question_marks",
    "num_ampersands",
    "num_equals",
    "num_at_symbols",
    "is_https",
    "has_ip_address",
    "domain_length",
    "path_length",
    "num_subdomains",
    "num_suspicious_keywords",
    "has_suspicious_tld",
    "num_digits",
    "num_special_chars",
    "url_entropy",
    "digit_ratio"
  ]
}